/*
SQLyog Community v12.03 (64 bit)
MySQL - 5.6.17 : Database - min_agricultura
*********************************************************************
*/

/*!40101 SET NAMES utf8 */;

/*!40101 SET SQL_MODE=''*/;

/*!40014 SET @OLD_UNIQUE_CHECKS=@@UNIQUE_CHECKS, UNIQUE_CHECKS=0 */;
/*!40014 SET @OLD_FOREIGN_KEY_CHECKS=@@FOREIGN_KEY_CHECKS, FOREIGN_KEY_CHECKS=0 */;
/*!40101 SET @OLD_SQL_MODE=@@SQL_MODE, SQL_MODE='NO_AUTO_VALUE_ON_ZERO' */;
/*!40111 SET @OLD_SQL_NOTES=@@SQL_NOTES, SQL_NOTES=0 */;
CREATE DATABASE /*!32312 IF NOT EXISTS*/`min_agricultura` /*!40100 DEFAULT CHARACTER SET utf8 */;

USE `min_agricultura`;

/*Table structure for table `acuerdo` */

DROP TABLE IF EXISTS `acuerdo`;

CREATE TABLE `acuerdo` (
  `acuerdo_id` INT(10) UNSIGNED NOT NULL AUTO_INCREMENT,
  `acuerdo_nombre` VARCHAR(100) NOT NULL,
  `acuerdo_descripcion` TEXT NOT NULL,
  `acuerdo_intercambio` ENUM('impo','expo') NOT NULL,
  `acuerdo_paises` TEXT NOT NULL,
  `acuerdo_fvigente` DATE NOT NULL,
  `acuerdo_uinsert` INT(10) UNSIGNED NOT NULL,
  `acuerdo_finsert` DATETIME NOT NULL,
  `acuerdo_uupdate` INT(10) UNSIGNED NOT NULL,
  `acuerdo_fupdate` DATETIME NOT NULL,
  PRIMARY KEY (`acuerdo_id`)
) ENGINE=MYISAM DEFAULT CHARSET=utf8;

/*Data for the table `acuerdo` */

/*Table structure for table `acuerdo_det` */

DROP TABLE IF EXISTS `acuerdo_det`;

CREATE TABLE `acuerdo_det` (
  `acuerdo_det_id` INT(10) UNSIGNED NOT NULL AUTO_INCREMENT,
  `acuerdo_det_acuerdo_id` INT(10) UNSIGNED NOT NULL,
  `acuerdo_det_posiciones` TEXT NOT NULL,
  `acuerdo_det_arancel_base` SMALLINT(5) NOT NULL,
  `acuerdo_det_tipo_contingente_id` INT(10) UNSIGNED NOT NULL,
  `acuerdo_det_tipo_desgravacion_id` INT(10) UNSIGNED NOT NULL,
  `acuerdo_det_nperiodos` SMALLINT(5) UNSIGNED NOT NULL,
  `acuerdo_det_msalvaguardia` ENUM('0','1') NOT NULL,
  `acuerdo_det_administracion` TEXT NOT NULL,
  `acuerdo_det_administrador` VARCHAR(150) NOT NULL,
  PRIMARY KEY (`acuerdo_det_id`)
) ENGINE=MYISAM DEFAULT CHARSET=utf8;

/*Data for the table `acuerdo_det` */

/*Table structure for table `category_menu` */

DROP TABLE IF EXISTS `category_menu`;

CREATE TABLE `category_menu` (
  `category_menu_id` INT(10) UNSIGNED NOT NULL AUTO_INCREMENT,
  `category_menu_name` VARCHAR(45) NOT NULL,
  `category_menu_order` SMALLINT(5) UNSIGNED NOT NULL,
  PRIMARY KEY (`category_menu_id`)
) ENGINE=MYISAM AUTO_INCREMENT=5 DEFAULT CHARSET=utf8;

/*Data for the table `category_menu` */

INSERT  INTO `category_menu`(`category_menu_id`,`category_menu_name`,`category_menu_order`) VALUES (1,'Admin.',1),(2,'Configuración',2),(3,'Admin. Acuerdos Comerciales',3),(4,'Indicadores',4);

/*Table structure for table `ciiu` */

DROP TABLE IF EXISTS `ciiu`;

CREATE TABLE `ciiu` (
  `id_ciiu` SMALLINT(4) UNSIGNED NOT NULL DEFAULT '0',
  `ciiu` VARCHAR(100) CHARACTER SET latin1 NOT NULL DEFAULT '0',
  PRIMARY KEY (`id_ciiu`),
  UNIQUE KEY `ciiu` (`ciiu`)
) ENGINE=MYISAM DEFAULT CHARSET=utf8;

/*Data for the table `ciiu` */

INSERT  INTO `ciiu`(`id_ciiu`,`ciiu`) VALUES (0,'DIVERSOS Y NO CLASIFICADOS'),(1110,'PRODUCCION AGROPECUARIA.'),(1130,'CAZA ORDINARIA Y MEDIANTE TRAMPASY REPOBLACION DE ANIMALES.'),(1210,'SILVICULTURA.'),(1220,'EXTRACCION DE MADERA.'),(1301,'PESCA DE ALTURA Y COSTERA.'),(1302,'PESCA N.E.P (NO ESPECIFICADA).'),(2100,'EXPLOTACION DE MINAS DE CARBON.'),(2200,'PRODUCCION DE PETROLEO CRUDO Y GASNATURAL.'),(2301,'EXTRACCION DE MINERALES DE HIERRO.'),(2302,'EXTRACCION DE MINERALES NO FERROSOS.'),(2901,'EXTRACCION DE PIEDRA ARCILLA Y ARENA.'),(2902,'EXTRACCION DE MINERALES PARA FABRICACION DE ABONOS Y ELABORACION DE PRODUCTOS QUIMICO'),(2903,'EXPLOTACION DE MINAS DE SAL.'),(2909,'EXTRACCION DE MINERALES N.E.P.'),(3111,'MATANZA DE GANADO Y PREPARACION Y CONSERVACION  DE CARNE.'),(3112,'FABRICACION DE PRODUCTOS LACTEOS.'),(3113,'ENVASADO Y CONSERVACION DE FRUTAS Y LEGUMBRES.'),(3114,'ELABORACION DE PESCADO CRUSTACEOS Y OTROS PRODUCTOS MARINOS.'),(3115,'FABRICACION DE ACEITES GRASAS VEGETALES Y ANIMALES.'),(3116,'PRODUCTOS DE MOLINERIA.'),(3117,'FABRICACION DE PRODUCTOS DE PANADERIA.'),(3118,'FABRICAS Y REFINERIAS DE AZUCAR.'),(3119,'FABRICACION DE CACAO CHOCOLATE Y ARTICULOS DE CONFITERIA.'),(3121,'ELABORACION DE PRODUCTOS ALIMENTICIOS DIVERSOS'),(3122,'ELABORACION DE ALIMENTOS PREPARADOS PARA ANIMALES.'),(3123,'ELABORACION DE COMPUESTOS DIETETICOS Y OTROS'),(3131,'DESTILACION RECTIFICACION Y MEZCLA DE BEBIDAS ESPIRITUOSAS.'),(3132,'INDUSTRIAS VINICOLAS.'),(3133,'BEBIDAS MALTEADAS Y DE MALTA.'),(3134,'INDUSTRIAS DE BEBIDAS NO ALCOHOLICAS Y AGUAS GASEOSAS.'),(3140,'INDUSTRIA DEL TABACO.'),(3211,'HILADO TEJIDO Y ACABADO DE TEXTILES.'),(3212,'ARTICULOS CONFECCIONADOS DE MATERIALES TEXTILES EXCEPTO PRENDAS DE VESTIR.'),(3213,'FABRICAS DE TEJIDOS DE PUNTO.'),(3214,'FABRICACION DE TAPICES Y ALFOMBRAS.'),(3215,'CORDELERIA.'),(3216,'TEJIDOS Y MANUFACTURAS DE ALGODON Y SUS MEZCLAS'),(3217,'TEJIDOS Y MANUFACTURAS DE LANA Y SUS MEZCLAS'),(3218,'TEJIDOS Y MANUFACTURAS DE FIBRAS ARTIFICIALES Y SINTETICAS AUN MEZCLADAS'),(3219,'FABRICACION DE TEXTILES N.E.P.'),(3220,'FABRICACION DE PRENDAS DE VESTIR EXCEPTO CALZADO.'),(3221,'PRENDAS DE VESTIR'),(3231,'CURTIDURIAS Y TALLERES DE ACABADO.'),(3232,'INDUSTRIA DE LA PREPARACION Y TENIDO DE PIELES.'),(3233,'FABRICACION DE PRODUCTOS DE CUERO Y SUCEDANEOS DE CUERO EXCEPTO CALZADO'),(3240,'FABRICACION DE CALZADO EXCEPTO EL DE CAUCHO VULCANIZADO O MOLDEADO DE PLASTICO'),(3311,'ASERRADEROS TALLERES DE ACEPILLADURA Y OTROS TALLERES PARA TRABAJAR MADERA'),(3312,'FABRICACION DE ENVASES DE MADERA Y ARTICULOS MENUDOS DE CANA.'),(3319,'FABRICACION DE PRODUCTOS DE MADERA Y DE CORCHO N.E.P.'),(3320,'FABRICACION DE MUEBLES Y ACCESORIOS EXCEPTO LOS QUE SON PRINCIPALMENTE METALICOS'),(3411,'FABRICACION DE PULPA DE MADERA PAPEL Y CARTON.'),(3412,'FABRICACION DE ENVASES Y CAJAS DE PAPEL Y DE CARTON.'),(3419,'FABRICACION DE ARTICULOS DE PULPA PAPEL Y CARTON N.E.P.'),(3420,'IMPRENTAS EDITORIALES E INDUSTRIAS CONEXAS.'),(3511,'FABRICACION DE SUSTANCIAS QUIMICAS INDUSTRIALES BASICAS EXCEPTO ABONOS.'),(3512,'FABRICACION DE ABONOS Y PLAGUICIDAS.'),(3513,'FABRICACION DE RESINAS SINTETICAS MATERIAS PLASTICAS Y FIBRAS ARTIFICIALES EXEPTO EL VIDRIO'),(3521,'FABRICACION DE PINTURAS BARNICES Y LACAS.'),(3522,'FABRICACION DE PRODUCTOS FARMACEUTICOS Y MEDICAMENTOS.'),(3523,'FABRICACION DE JABONES Y PREPARADOS DE LIMPIEZA PERFUMES COSMETICOS Y OTROS PRODUCTOS DE TOCADOR'),(3528,'FABRICACION DE DIVERSOS PRODUCTOS QUIMICOS'),(3529,'FABRICACION DE PRODUCTOS QUIMICOS N.E.P.'),(3530,'REFINERIAS DE PETROLEO.'),(3540,'FABRICACION DE PRODUCTOS DIVERSOS DERIVADOS DEL PETROLEO Y CARBON.'),(3551,'FABRICACION DE LLANTAS NEUMATICOS CAMARAS'),(3559,'FABRICACION DE PRODUCTOS DE CAUCHO N.E.P.'),(3560,'FABRICACION DE PRODUCTOS DE PLASTICO N.E.P.'),(3610,'FABRICACION DE OBJETOS DE BARRO LOZA Y  PORCELANA.'),(3620,'FABRICACION DE VIDRIO Y PRODUCTOS DE VIDRIO.'),(3621,'OTROS PRODUCTOS DE VIDRIO'),(3691,'FABRICACION DE PRODUCTOS DE ARCILLA PARA  LA  CONSTRUCCION.'),(3692,'FABRICACION DE CEMENTO CAL Y YESO.'),(3699,'FABRICACION DE PRODUCTOS MINERALES NO METALICOS N.E.P.'),(3710,'INDUSTRIAS BASICAS DE HIERRO Y ACERO.'),(3720,'INDUSTRIAS BASICAS DE METALES NO FERROSOS.'),(3721,'RECUPERACION Y FUNDICION DE PLOMO Y ZINC'),(3722,'RECUPERACION Y FUNDICION DE ESTANO Y NIQUEL'),(3723,'REFINACION Y FUNDICION DE METALES PRECIOSOS'),(3811,'FABRICACION DE CUCHILLERIA HERRAMIENTAS MANUALES Y ARTICULOS GENERALES DE FERRETERIA'),(3812,'FABRICACION DE MUEBLES Y ACCESORIOS PRINCIPALMENTE METALICOS.'),(3813,'FABRICACION DE PRODUCTOS METALICOS ESTRUCTURALES.'),(3814,'FABRICACION DE ARTICULOS DE FONTANERIA Y CALEFLACCION'),(3819,'FABRICACION DE PRODUCTOS METALICOS N.E.P.EXCEPTUANDO MAQUINARIA Y EQUIPO.'),(3821,'CONSTRUCCION DE MOTORES Y TURBINAS.'),(3822,'CONSTRUCCION DE MAQUINARIA Y EQUIPO PARA LA AGRICULTURA.'),(3823,'CONSTRUCCION DE MAQUINARIA PARA TRABAJAR LOS METALES Y LA MADERA.'),(3824,'CONST DE MAQRIA Y EQUIPOS ESPECIALES PARA LAS IND EXCEPTO LA MAQRIA PARA TRABAJAR METALES DE MADERA'),(3825,'CONSTRUCCION DE MAQUINAS DE OFICINA CALCULO Y CONTABILIDAD.'),(3826,'CONTRCCION DE MAQUINARIA NO CLASIFICADA ANTES-EXCEPTO LA DE TRABAJAR METALES Y MADERA'),(3827,'CONSTRUCCION DE MAQUINARIA N Y EQUIPO NEP- EXCEPTO MAQUINARIA ELECTRICA'),(3829,'CONSTRUCCION DE MAQUINARIA Y EQUIPO N.E.P. EXCEPTUANDO LA MAQUINARIA ELECTRICA'),(3831,'CONSTRUCION DE MAQUINAS Y APARATOS INDUSTRIALES ELECTRICOS.'),(3832,'CONSTRUCCION DE EQUIPOS Y APARATOS DE RADIO TELEVISION Y DE COMUNICACIONES.'),(3833,'CONSTRUCCION DE APARATOS Y ACCESORIOS ELECTRICOS DE USO DOMESTICO.'),(3839,'CONSTRUCCION DE APARATOS Y SUMINISTROS ELECTRICOS N.E.P.'),(3841,'CONSTRUCCIONES NAVALES Y REPARACION DE BARCOS.'),(3842,'CONSTRUCCION DE EQUIPO FERROVIARIO.'),(3843,'FABRICACION DE VEHICULOS AUTOMOVILES.'),(3844,'FABRICACION DE MOTOCICLETAS Y BICICLETAS.'),(3845,'FABRICACION DE AERONAVES.'),(3849,'CONSTRUCCION DE MATERIAL DE TRANSPORTE N.E.P.'),(3851,'FABRICACION DE EQUIPO PROFESIONAL Y CIENTIFICO E INSTRUMENTOS DE MEDIDA Y DE CONTROL'),(3852,'FABRICACION DE APARATOS FOTOGRAFICOS E INSTRUMENTOS DE OPTICA.'),(3853,'FABRICACION DE RELOJES.'),(3901,'FABRICACION DE JOYAS Y ARTICULOS CONEXOS.'),(3902,'FABICACION DE INSTRUMENTOS DE MUSICA.'),(3903,'FABRICACION DE ARTICULOS DE DEPORTE Y ATLETISMO.'),(3904,'OTRAS INDUSTRIAS MANUFACTURERAS'),(3909,'OTRAS INDUSTRIAS MANUFACTURERAS DIVERSAS'),(4101,'LUZ Y FUERZA ELECTRICA.'),(6104,'COMERCIO AL POR MAYOR DE MAQUINARIA Y HERRAMIENTAS'),(8324,'SERVICIOS TECNICOS Y PROFESIONALES'),(9411,'PRODUCCION DE PELICULAS CINEMATOGRAFICAS.'),(9415,'INDEPENDIENTES N.E.P.AUTORES COMPOSITORES Y OTROS ARTISTAS'),(9420,'BIBLIOTECAS MUSEOS JARDINES BOTANICOS Y ZOOLOGICOS Y OTROS SERVICIOS CULTU'),(9592,'ESTUDIOS FOTOGRAFICOS INCLUIDA LA FOTOGRAFIA COMERCIAL.');

/*Table structure for table `correlativa` */

DROP TABLE IF EXISTS `correlativa`;

CREATE TABLE `correlativa` (
  `correlativa_id` INT(10) UNSIGNED NOT NULL AUTO_INCREMENT,
  `correlativa_fvigente` DATE NOT NULL,
  `correlativa_decreto` VARCHAR(15) NOT NULL,
  `correlativa_observacion` TEXT NOT NULL,
  `correlativa_origen` TEXT NOT NULL,
  `correlativa_destino` TEXT NOT NULL,
  `correlativa_uinsert` INT(10) UNSIGNED NOT NULL,
  `correlativa_finsert` DATETIME NOT NULL,
  `correlativa_uupdate` INT(10) UNSIGNED NOT NULL,
  `correlativa_fupdate` DATETIME NOT NULL,
  PRIMARY KEY (`correlativa_id`)
) ENGINE=MYISAM AUTO_INCREMENT=7 DEFAULT CHARSET=utf8;

/*Data for the table `correlativa` */

INSERT  INTO `correlativa`(`correlativa_id`,`correlativa_fvigente`,`correlativa_decreto`,`correlativa_observacion`,`correlativa_origen`,`correlativa_destino`,`correlativa_uinsert`,`correlativa_finsert`,`correlativa_uupdate`,`correlativa_fupdate`) VALUES (1,'2011-01-01','4927/11','LA SUBPARTIDA ARANCELARIA 0102 90 A NIVEL DE S.A. SE DESDOBLA EN 0102 29 PARA DIFERENCIAR LOS BOVINOS DOMESTICOS, A NIVEL DE NANDINA Y ARANCEL TAMBIEN SE DESDOBLO LA SUBPARTIDA ARANCELARIA MADR','0102909000','0102909010,0102909020',1,'2014-11-18 21:35:25',1,'2014-12-10 22:36:31');

/*Table structure for table `departamento` */

DROP TABLE IF EXISTS `departamento`;

CREATE TABLE `departamento` (
  `id_departamento` SMALLINT(4) UNSIGNED NOT NULL DEFAULT '0',
  `departamento` VARCHAR(35) NOT NULL,
  `id_region` SMALLINT(2) UNSIGNED NOT NULL,
  PRIMARY KEY (`id_departamento`)
) ENGINE=MYISAM DEFAULT CHARSET=utf8;

/*Data for the table `departamento` */

insert  into `departamento`(`id_departamento`,`departamento`,`id_region`) values (0,'DESCONOCIDO',35),(1,'PETROLEO Y DERIVADOS',35),(2,'CAFE',35),(5,'ANTIOQUIA',30),(6,'Z F RIONEGRO',30),(7,'Z F BARU BEACH RESORT',32),(8,'ATLANTICO',32),(9,'Z F BARRANQUILLA',32),(10,'Z F SANTA MARTA',32),(11,'BOGOTA',30),(12,'Z F BOGOTA',30),(13,'BOLIVAR',32),(14,'Z F CARTAGENA',32),(15,'BOYACA',30),(17,'CALDAS',30),(18,'CAQUETA',34),(19,'CAUCA',31),(20,'CESAR',32),(23,'CORDOBA',32),(25,'CUNDINAMARCA',30),(27,'CHOCO',31),(41,'HUILA',30),(44,'GUAJIRA',32),(47,'MAGDALENA',32),(50,'META',33),(52,'NARINO',31),(54,'NORTE DE SANTANDER',30),(63,'QUINDIO',30),(66,'RISARALDA',30),(68,'SANTANDER',30),(70,'SUCRE',32),(73,'TOLIMA',30),(76,'VALLE',31),(81,'ARAUCA',33),(85,'CASANARE',33),(86,'PUTUMAYO',34),(88,'SAN ANDRES Y PROV',32),(91,'AMAZONAS',34),(94,'GUAINIA',33),(95,'GUAVIARE',33),(97,'VAUPES',34),(99,'VICHADA',33);

/*Table structure for table `indicador` */

DROP TABLE IF EXISTS `indicador`;

CREATE TABLE `indicador` (
  `indicador_id` int(10) unsigned NOT NULL AUTO_INCREMENT,
  `indicador_nombre` varchar(100) NOT NULL,
  `indicador_tipo_indicador_id` int(10) unsigned NOT NULL,
  `indicador_campos` text NOT NULL,
  `indicador_filtros` text NOT NULL,
  `indicador_leaf` enum('0','1') NOT NULL,
  `indicador_parent` int(10) unsigned NOT NULL,
  `indicador_uinsert` int(10) unsigned NOT NULL,
  `indicador_finsert` datetime NOT NULL,
  `indicador_fupdate` datetime NOT NULL,
  PRIMARY KEY (`indicador_id`)
) ENGINE=MyISAM AUTO_INCREMENT=60 DEFAULT CHARSET=utf8;

/*Data for the table `indicador` */

insert  into `indicador`(`indicador_id`,`indicador_nombre`,`indicador_tipo_indicador_id`,`indicador_campos`,`indicador_filtros`,`indicador_leaf`,`indicador_parent`,`indicador_uinsert`,`indicador_finsert`,`indicador_fupdate`) values (2,'arroz estados unidos',1,'PAIS ORIGEN: ESTADOS UNIDOS||POSICION ARANCELARIA: 100610 ARROZ CON CASCARA ARROZ PADDY||PERIOD: 2012 - 2014','id_pais:249||id_posicion:100610||anio_ini:2012||anio_fin:2014','1',0,1,'2014-11-26 17:28:40','2014-12-09 17:18:59'),(52,'prueba',5,'PAIS ORIGEN: ESTADOS UNIDOS||RANGO INICIAL: 2013 ENERO - JUNIO||RANGO FINAL: 2013 JULIO - SEPTIEMBRE','id_pais:249||anio_ini:2013||anio_fin:2013||desde_ini:1||hasta_ini:6||desde_fin:7||hasta_fin:9','1',0,1,'2014-12-15 16:40:53','2014-12-15 17:00:58'),(4,'ecuador cafe',1,'PAIS ORIGEN: ECUADOR||POSICION ARANCELARIA: 09 CAFE TE YERBA MATE Y ESPECIAS.||PERIOD: 2010 - 2014','id_pais:239||id_posicion:09||anio_ini:2010||anio_fin:2014','1',57,1,'2014-11-26 18:15:29','2014-12-05 16:57:29'),(6,'Balanza arroz',2,'PAIS ORIGEN: ESTADOS UNIDOS||POSICION ARANCELARIA: 100610 ARROZ CON CASCARA ARROZ PADDY||PERIOD: 2011 - 2014','id_pais:249||id_posicion:100610','1',0,1,'2014-11-27 17:09:49','2014-12-05 16:53:04'),(7,'Mexico HS Code 21',2,'PAIS ORIGEN: MEXICO||POSICION ARANCELARIA: 21 PREPARACIONES ALIMENTICIAS DIVERSAS||PERIODO: 2012 - 2014','id_pais:493||id_posicion:21||anio_ini:2012||anio_fin:2014','1',0,1,'2014-11-28 17:09:11','2014-12-16 21:34:29'),(8,'ecuador cafe',2,'PAIS ORIGEN: ECUADOR||POSICION ARANCELARIA: 09 CAFE TE YERBA MATE Y ESPECIAS.','id_pais:239||id_posicion:09','1',0,1,'2014-11-28 17:34:55','2014-12-02 20:53:41'),(9,'peru animales vivos',2,'PAIS ORIGEN: PERU||POSICION ARANCELARIA: 01 ANIMALES VIVOS','id_pais:589||id_posicion:01','1',0,1,'2014-11-28 17:35:27','2014-12-02 20:52:38'),(10,'peru 03 y 04',2,'PAIS ORIGEN: PERU||POSICION ARANCELARIA: 03 PESCADOS Y CRUSTACEOS. MOLUSCOS Y DMS INVERTEBRADOS ACUATICOS.,04 LECHE Y PRODUCTOS LACTEOS. HUEVOS DE AVE. MIEL NATURAL. PRODUCTOS COMESTIBLES DE ORIGEN ANIMAL NO EXPRESADOS NI COMPRENDIDOS EN OTRA PARTE.','id_pais:589||id_posicion:03,04','1',0,1,'2014-11-28 17:35:51','2014-12-02 20:53:03'),(11,'prueba',3,'PAIS ORIGEN: ESTADOS UNIDOS||POSICION ARANCELARIA: 10 CEREALES.||RANGO INICIAL: 2013 ENERO - JUNIO||RANGO FINAL: 2013 JULIO - DICIEMBRE','id_pais:249||id_posicion:10||anio_ini:2013||anio_fin:2013||desde_ini:1||hasta_ini:6||desde_fin:7||hasta_fin:12','1',0,1,'2014-12-01 14:46:22','2014-12-09 21:43:12'),(12,'prueba',4,'PAIS ORIGEN: ESTADOS UNIDOS||PERIOD: 2014 ENERO - MARZO','id_pais:249||anio_ini:2014||desde_ini:1||hasta_ini:3','1',0,1,'2014-12-02 14:21:25','2014-12-05 17:02:03'),(13,'Mexico HS Code 21',1,'PAIS ORIGEN: MEXICO||POSICION ARANCELARIA: 21 PREPARACIONES ALIMENTICIAS DIVERSAS||PERIOD: 2010 - 2014','id_pais:493||id_posicion:21||anio_ini:2010||anio_fin:2014','1',50,1,'2014-12-02 16:17:18','2014-12-05 16:51:40'),(51,'prueba',13,'POSICION ARANCELARIA: 0901212000 CAFE TOSTADO- SIN DESCAFEINAR- MOLIDO||PERIOD: 2014 ENERO - JUNIO','id_posicion:0901212000||anio_ini:2014||desde_ini:1||hasta_ini:6','1',0,1,'2014-12-15 16:28:47','2014-12-15 20:33:33'),(14,'Pablo Impo Naranjas Peru',1,'PAIS ORIGEN: PERU||POSICION ARANCELARIA: 080510 NARANJAS FRESCAS O SECAS.||PERIOD: 2010 - 2014','id_pais:589||id_posicion:080510||anio_ini:2010||anio_fin:2014','1',50,1,'2014-12-02 23:02:33','2014-12-05 16:57:48'),(15,'corea',4,'PAIS ORIGEN: COREA NORTE REP POPULAR DEMOCRATICA DE||PERIOD: 2013 ENERO - DICIEMBRE','id_pais:187||anio_ini:2013||desde_ini:1||hasta_ini:12','1',0,1,'2014-12-02 23:10:34','2014-12-04 16:29:29'),(16,'exportaciones Junio 2014',7,'PERIOD: 2014 ENERO - DICIEMBRE','anio_ini:2014||desde_ini:1||hasta_ini:12','1',0,1,'2014-12-04 18:23:10','2014-12-09 17:26:18'),(17,'prueba',6,'PAIS ORIGEN: CHILE||RANGO INICIAL: 2013 JUNIO - DICIEMBRE||RANGO FINAL: 2014 JUNIO - DICIEMBRE','id_pais:211||anio_ini:2013||anio_fin:2014||desde_ini:6||hasta_ini:12||desde_fin:6||hasta_fin:12','1',55,1,'2014-12-04 21:25:28','0000-00-00 00:00:00'),(19,'dddd',8,'PAIS ORIGEN: ESTADOS UNIDOS||INTERCAMBIO: EXPORTACIONES||PERIODO: 2012 - 2014','intercambio:expo||id_pais:249||anio_ini:2012||anio_fin:2014','1',0,1,'2014-12-04 22:29:46','2014-12-17 15:03:58'),(21,'estados unidos 2014',9,'PAIS ORIGEN: ESTADOS UNIDOS||PERIOD: 2014 ENERO - DICIEMBRE','id_pais:249||anio_ini:2014||desde_ini:1||hasta_ini:12','1',0,1,'2014-12-09 14:58:42','0000-00-00 00:00:00'),(22,'prueba borrar',9,'','','0',0,1,'2014-12-09 15:02:10','0000-00-00 00:00:00'),(23,'triangulo norte',9,'PAIS ORIGEN: GUATEMALA,HONDURAS,EL SALVADOR||PERIOD: 2014 ENERO - DICIEMBRE','id_pais:317,345,242||anio_ini:2014||desde_ini:1||hasta_ini:12','1',0,1,'2014-12-09 15:06:25','2014-12-09 15:07:13'),(24,'prueba',1,'','','0',0,1,'2014-12-09 15:21:09','0000-00-00 00:00:00'),(25,'triangulo Norte',1,'PAIS ORIGEN: EL SALVADOR,GUATEMALA,HONDURAS||POSICION ARANCELARIA: 01 ANIMALES VIVOS||PERIOD: 2012 - 2014','id_pais:242,317,345||id_posicion:01||anio_ini:2012||anio_fin:2014','1',24,1,'2014-12-09 15:27:36','2014-12-09 15:46:24'),(27,'Nueva Carpeta',1,'','','0',24,1,'2014-12-09 16:25:08','0000-00-00 00:00:00'),(28,'ssss',1,'PAIS ORIGEN: PERU||POSICION ARANCELARIA: 03 PESCADOS Y CRUSTACEOS. MOLUSCOS Y DMS INVERTEBRADOS ACUATICOS.||PERIODO: 2013 - 2014','id_pais:589||id_posicion:03||anio_ini:2013||anio_fin:2014','1',27,1,'2014-12-09 16:25:35','2014-12-17 16:38:35'),(36,'gggg',1,'PAIS ORIGEN: CHILE||POSICION ARANCELARIA: 03 PESCADOS Y CRUSTACEOS. MOLUSCOS Y DMS INVERTEBRADOS ACUATICOS.||PERIOD: 2010 - 2014','id_pais:211||id_posicion:03||anio_ini:2010||anio_fin:2014','1',27,1,'2014-12-09 16:53:47','2014-12-09 21:08:17'),(37,'Nueva Carpeta',1,'','','0',27,1,'2014-12-09 16:59:10','0000-00-00 00:00:00'),(49,'sssss',1,'PAIS ORIGEN: CHILE||POSICION ARANCELARIA: 09 CAFE TE YERBA MATE Y ESPECIAS.||PERIOD: 2014 - 2010','id_pais:211||id_posicion:09||anio_ini:2014||anio_fin:2010','1',37,1,'2014-12-09 20:33:51','0000-00-00 00:00:00'),(41,'dddddd',7,'PERIOD: 2014 ENERO - DICIEMBRE','anio_ini:2014||desde_ini:1||hasta_ini:12','1',0,1,'2014-12-09 17:26:33','0000-00-00 00:00:00'),(42,'xxxxx',10,'PAIS ORIGEN: ||PERIOD: 2014 ENERO - DICIEMBRE','anio_ini:2014||desde_ini:1||hasta_ini:12','1',0,1,'2014-12-09 17:39:01','0000-00-00 00:00:00'),(43,'dddddd',11,'PAIS ORIGEN: ESTADOS UNIDOS||POSICION ARANCELARIA: 09 CAFE TE YERBA MATE Y ESPECIAS.||PERIOD: 2013 ENERO - DICIEMBRE','id_pais:249||id_posicion:09||anio_ini:2013||desde_ini:1||hasta_ini:12','1',0,1,'2014-12-09 17:42:17','2014-12-15 17:18:40'),(44,'ffff',12,'PAIS ORIGEN: ESTADOS UNIDOS||POSICION ARANCELARIA: 09 CAFE TE YERBA MATE Y ESPECIAS.||RANGO INICIAL: 2014 ENERO - MARZO||RANGO FINAL: 2014 ABRIL - JUNIO','id_pais:249||id_posicion:09||anio_ini:2014||anio_fin:2014||desde_ini:1||hasta_ini:3||desde_fin:4||hasta_fin:6','1',0,1,'2014-12-09 17:44:32','2014-12-15 17:21:18'),(50,'sub carpeta 1',1,'','','0',0,1,'2014-12-09 20:34:39','0000-00-00 00:00:00'),(53,'prueba',14,'PAIS ORIGEN: ESTADOS UNIDOS||POSICION ARANCELARIA: 09 CAFE TE YERBA MATE Y ESPECIAS.||PERIOD: 2010 - 2014','id_pais:249||id_posicion:09||anio_ini:2010||anio_fin:2014','1',0,1,'2014-12-15 20:41:21','2014-12-15 21:46:53'),(54,'fffff',6,'PAIS ORIGEN: MEXICO||INTERCAMBIO: IMPORTACIONES||RANGO INICIAL: 2010 ENERO - DICIEMBRE||RANGO FINAL: 2012 ENERO - DICIEMBRE','intercambio:impo||id_pais:493||anio_ini:2010||anio_fin:2012||desde_ini:1||hasta_ini:12||desde_fin:1||hasta_fin:12','1',0,1,'2014-12-15 23:30:44','0000-00-00 00:00:00'),(55,'ddd',6,'','','0',0,1,'2014-12-15 23:31:32','0000-00-00 00:00:00'),(56,'prueba',15,'PAIS ORIGEN: ESTADOS UNIDOS||POSICION ARANCELARIA: 09 CAFE TE YERBA MATE Y ESPECIAS.||PERIOD: 2010 - 2014','id_pais:249||id_posicion:09||anio_ini:2010||anio_fin:2014','1',0,1,'2014-12-16 14:35:06','2014-12-16 14:47:46'),(57,'ffff',1,'','','0',0,1,'2014-12-17 23:00:24','0000-00-00 00:00:00'),(58,'ffff',16,'PERIODO: 2013 - 2014','anio_ini:2013||anio_fin:2014','1',0,1,'2014-12-22 14:35:07','2014-12-22 17:28:29'),(59,'prueba',17,'POSICION ARANCELARIA: 03 PESCADOS Y CRUSTACEOS. MOLUSCOS Y DMS INVERTEBRADOS ACUATICOS.||PERIODO: 2013 - 2014','id_posicion:03||anio_ini:2013||anio_fin:2014','1',0,1,'2014-12-22 17:22:49','2014-12-22 17:28:01');

/*Table structure for table `menu` */

DROP TABLE IF EXISTS `menu`;

CREATE TABLE `menu` (
  `menu_id` int(10) unsigned NOT NULL AUTO_INCREMENT,
  `menu_name` varchar(45) NOT NULL,
  `menu_category_menu_id` int(10) unsigned NOT NULL,
  `menu_url` varchar(45) NOT NULL,
  `menu_order` int(11) NOT NULL DEFAULT '1',
  `menu_hidden` enum('0','1') NOT NULL,
  PRIMARY KEY (`menu_id`)
) ENGINE=MyISAM AUTO_INCREMENT=9 DEFAULT CHARSET=utf8;

/*Data for the table `menu` */

insert  into `menu`(`menu_id`,`menu_name`,`menu_category_menu_id`,`menu_url`,`menu_order`,`menu_hidden`) values (1,'Usuarios',1,'user/jscode',1,'0'),(2,'Contingentes de importación',3,'contingente/jscode',1,'0'),(3,'Correlativas',2,'correlativa/jscode',1,'0'),(4,'Análisis de indicadores',4,'tipo_indicador/jscode',1,'0'),(5,'Sectores',2,'sector/jscode',1,'0'),(6,'PIB',2,'pib/jscode',1,'0'),(7,'Producción',2,'produccion/jscode',1,'0');

/*Table structure for table `pais` */

DROP TABLE IF EXISTS `pais`;

CREATE TABLE `pais` (
  `id_pais` smallint(3) unsigned NOT NULL,
  `pais` varchar(40) NOT NULL,
  PRIMARY KEY (`id_pais`)
) ENGINE=MyISAM DEFAULT CHARSET=utf8;

/*Data for the table `pais` */

insert  into `pais`(`id_pais`,`pais`) values (1,'ZN FRANCA CLO'),(13,'AFGANISTAN'),(17,'ALBANIA'),(20,'ISLAS ALBORAN Y PEREGIL'),(23,'ALEMANIA'),(25,'REPUBLICA DEMOCRATICA ALEMANA'),(26,'ARMENIA'),(27,'ARUBA'),(29,'BOSNIA-HERZEGOVINA'),(31,'BURKINA FASSO'),(37,'ANDORRA'),(40,'ANGOLA'),(41,'ANGUILLA'),(43,'ANTIGUA Y BARBUDA'),(47,'ANTILLAS HOLANDESAS'),(53,'ARABIA SAUDITA'),(59,'ARGELIA'),(63,'ARGENTINA'),(69,'AUSTRALIA'),(72,'AUSTRIA'),(74,'AZERBAIJAN'),(77,'BAHAMAS'),(80,'BAHRAIN'),(81,'BANGLADESH'),(83,'BARBADOS'),(87,'BELGICA'),(88,'BELICE'),(90,'BERMUDA'),(91,'BELARUS - BIELORUSIA'),(93,'MYANMAR - BIRMANIA'),(94,'ZN FRANCA CUC'),(95,'ZN FRANCA SMR'),(97,'BOLIVIA'),(100,'BONAIRE ISLA'),(101,'BOTSWANA'),(105,'BRASIL'),(108,'BRUNEI DARUSSALAM'),(111,'BULGARIA'),(115,'BURUNDI'),(119,'BUTAN'),(127,'CABO VERDE'),(129,'ZONA FRANCA PERMANENTE ZOFRANDINA'),(130,'ZONA FRANCA COLMOTORES - ZOFICOL'),(131,'ZONA FRANCA TABLAMAC S A S'),(134,'ZONA FRANCA PERMANENTE ESP PUERTO BRISA'),(137,'ISLAS CAIMAN'),(141,'CAMBOYA (KAMPUCHEA)'),(145,'CAMERUN'),(149,'CANADA'),(153,'ISLAS CANARIAS'),(155,'ISLAS CANAL (NORMANDAS)'),(156,'CEILAN'),(157,'CANTON Y ENDERBURY ISLAS'),(159,'SANTA SEDE (C DEL VATICANO)'),(165,'COCOS (KEELING)ISLAS'),(169,'COLOMBIA'),(173,'COMORAS'),(177,'CONGO'),(183,'COOK ISLAS'),(187,'COREA (NORTE) REP POPULAR DEMOCRATICA DE'),(190,'COREA (SUR) REPUBLICA DE'),(193,'COSTA DE MARFIL'),(196,'COSTA RICA'),(198,'CROACIA'),(199,'CUBA'),(201,'CURAZAO ISLA'),(203,'CHAD'),(207,'CHECOSLOVAQUIA'),(211,'CHILE'),(215,'CHINA'),(218,'TAIWAN (FORMOSA)'),(221,'CHIPRE'),(229,'BENIN'),(232,'DINAMARCA'),(235,'DOMINICA'),(239,'ECUADOR'),(240,'EGIPTO'),(242,'EL SALVADOR'),(243,'ERITREA'),(244,'EMIRATOS ARABES'),(245,'ESPANA'),(246,'ESLOVAQUIA'),(247,'ESLOVENIA'),(249,'ESTADOS UNIDOS'),(251,'ESTONIA'),(253,'ETIOPIA'),(254,'MALVINAS'),(259,'FEROE ISLAS'),(267,'FILIPINAS'),(271,'FINLANDIA'),(275,'FRANCIA'),(281,'GABON'),(285,'GAMBIA'),(286,'GAZA Y JERICO'),(287,'REP GEORGIA=GEORGIA'),(289,'GHANA'),(293,'GIBRALTAR'),(297,'GRANADA'),(301,'GRECIA'),(305,'GROENLANDIA'),(309,'GUADALUPE'),(313,'GUAM'),(317,'GUATEMALA'),(325,'GUAYANA FRANCESA'),(329,'GUINEA'),(331,'GUINEA ECUATORIAL'),(334,'GUINEA BISSAU'),(337,'GUYANA'),(341,'HAITI'),(345,'HONDURAS'),(351,'HONG KONG'),(355,'HUNGRIA'),(361,'INDIA'),(365,'INDONESIA'),(369,'IRAQ'),(372,'IRAN REP ISLAMICA DEL'),(375,'IRLANDA (EIRE)'),(379,'ISLANDIA'),(383,'ISRAEL'),(386,'ITALIA'),(391,'JAMAICA'),(395,'JOHNSTON ISLA'),(399,'JAPON'),(403,'JORDANIA'),(406,'KAZAJSTAN'),(410,'KENIA'),(411,'KIRIBATI'),(412,'KIRGUIZISTAN'),(413,'KUWAIT'),(420,'LAOS'),(426,'LESOTHO'),(429,'LETONIA'),(431,'LIBANO'),(434,'LIBERIA'),(438,'LIBIA (INCLUYE FEZZAN)'),(440,'LIECHTENSTEIN'),(443,'LITUANIA'),(445,'LUXEMBURGO'),(447,'MACAO'),(448,'MACEDONIA'),(450,'MADAGASCAR'),(455,'MALASYA'),(458,'MALAWI'),(461,'MALDIVAS'),(464,'MALI'),(467,'MALTA'),(469,'MARIANAS DE NORTE ISLAS'),(472,'MARSHALL ISLAS'),(474,'MARRUECOS'),(477,'MARTINICA'),(485,'MAURICIO'),(488,'MAURITANIA'),(493,'MEXICO'),(494,'MICRONESIA'),(495,'MIDWAY ISLAS'),(496,'MOLDAVIA'),(497,'MONGOLIA'),(498,'MONACO'),(501,'MONSERRAT ISLA'),(504,'MAYOTTE'),(505,'MOZAMBIQUE'),(507,'NAMIBIA'),(508,'NAURU'),(511,'ISLAS NAVIDAD'),(517,'NEPAL'),(521,'NICARAGUA'),(525,'NIGER'),(528,'NIGERIA'),(531,'NIUE ISLA'),(535,'NORFOLK ISLA'),(538,'NORUEGA'),(542,'NUEVA CALEDONIA'),(545,'PAPUASIA NUEVA GUINEA'),(548,'NUEVA ZELANDIA'),(551,'VANUATU'),(556,'OMAN'),(563,'PACIFICO ISLAS ADMINISTRADAS POR USA'),(566,'PACIFICO ISLAS DEL'),(569,'ISLAS DEL PACIFICO (TERRI.FIDE'),(573,'PAISES BAJOS - HOLANDA'),(576,'PAKISTAN'),(578,'PALAU ISLAS'),(579,'T. A. DE PALESTINA'),(580,'PANAMA'),(586,'PARAGUAY'),(587,'MALASIA PENINSULA DE'),(589,'PERU'),(593,'PITCAIRN ISLA'),(599,'POLINESIA FRANCESA'),(603,'POLONIA'),(607,'PORTUGAL'),(611,'PUERTO RICO'),(618,'QATAR'),(620,'ZFPE PUERTO INDUSTRIAL AGUADULCE'),(624,'ZF PERMANENTE ESPECIAL PUERTO BAHIA'),(626,'ZFPE SOCIEDAD PORT REG DE BUENAVENTURA'),(628,'REINO UNIDO'),(636,'ZONA FRANCA TERMOTASAJERO'),(640,'REP CENTROAFRICANA'),(644,'REPUBLICA CHECA'),(647,'REPUBLICA DOMINICANA'),(660,'REUNION'),(665,'ZIMBAWE'),(670,'RUMANIA'),(675,'RUANDA'),(676,'RUSIA'),(677,'ISLAS SALOMON'),(685,'SAHARA OCCIDENTAL'),(687,'SAMOA'),(688,'SERBIA Y MONTENEGRO'),(690,'SAMOA AMERICANA'),(695,'SAN CRISTOBAL Y NIEVES'),(697,'SAN MARINO'),(700,'SAN PEDRO Y MIGUELON'),(705,'SAN VICENTE Y LAS GRANADINAS'),(710,'SANTA HELENA'),(715,'SANTA LUCIA'),(720,'SANTO TOMAS PRINCIPE'),(728,'SENEGAL'),(731,'SEYCHELLES'),(735,'SIERRA LEONA'),(741,'SINGAPUR'),(744,'SIRIA REPUBLICA ARABE DE'),(748,'SOMALIA'),(750,'SRI LANKA'),(756,'SUDAFRICA REPUBLICA DE'),(759,'SUDAN'),(764,'SUECIA'),(767,'SUIZA'),(770,'SURINAM'),(773,'SUAZILANDIA'),(774,'TADJIKISTAN'),(776,'THAILANDIA'),(780,'TANZANIA REPUBLICA UNIDA DE'),(783,'DJIBOUTI'),(785,'TERR D LA ALTA COMISION PACIF OCC'),(786,'TERRITORIO ANTARTICO BRITANICO'),(787,'T. BRIT. OCEANO INDICO'),(788,'TIMOR DEL ESTE'),(800,'TOGO'),(805,'TOKELAU'),(810,'TONGA'),(815,'TRINIDAD Y TOBAGO'),(820,'TUNICIA - TUNEZ'),(823,'TURCAS Y CAICOS ISLAS'),(825,'TURKMENISTAN'),(827,'TURQUIA'),(828,'TUVALU'),(830,'UCRANIA'),(833,'UGANDA'),(840,'UNION SOVIETICA'),(845,'URUGUAY'),(847,'UZBEKISTAN'),(850,'VENEZUELA'),(855,'VIETNAM'),(863,'VIRGENES ISLAS (BRITANICAS)'),(866,'VIRGENES ISLAS (NORTEAMER.)'),(870,'FIJI - FIDJI'),(873,'WAKE ISLA'),(875,'ISLA WALLIS Y FUTUNA'),(880,'YEMEN'),(881,'YEMEN DEMOCRATICO'),(885,'YUGOSLAVIA'),(888,'ZAIRE'),(890,'ZAMBIA'),(895,'ZONA DEL CANAL DE PANAMA'),(897,'ZONA NEUTRAL PALESTINA'),(900,'ZONA FRANCA PERMANENTE ANDINA'),(902,'ZONA FRANCA PERMANENTE ESPECIAL GECELCA'),(903,'ZFPE CEMENTERA DEL MAGDALENA MEDIO ZOMAN'),(904,'ZFP ESPECIAL EXTRACTORA LA GLORIA'),(905,'ZONA FRANCA PERMANENTE ESPECIAL OLMUE'),(906,'ZONA FRANCA PERMANENTE CANAL DEL DIQUE'),(907,'ZFP CENTRO LOGISTICO DEL PACIFICO CELPA'),(911,'ZONA FRANCA BARRANQUILLA'),(912,'ZONA FRANCA BUENAVENTURA'),(913,'ZONA FRANCA PALMASECA - CALI'),(914,'ZONA FRANCA CUCUTA'),(915,'ZONA FRANCA SANTA MARTA'),(916,'ZONA FRANCA CARTAGENA'),(917,'ZONA FRANCA RIONEGRO - MEDELLIN'),(918,'ZONA FRANCA LA CANDELARIA - CTG'),(919,'ZONA FRANCA BOGOTA'),(920,'ZONA FRANCA PACIFICO - CLO'),(921,'ZONA FRANCA BARU BEACH RESORT'),(922,'ZONA FRANCA POZOS COLORADOS'),(923,'ZONA FRANCA EUROCARIBE DE INDIAS'),(924,'ZONA FRANCA QUINDIO (ARMENIA)'),(925,'CERVECERIA DEL VALLE S A / Z F MALAMBO'),(926,'ZONA FRANCA AGROINDL DEL MAGDALENA MEDIO'),(927,'ZF INDL D BIENES Y SERVS CIUDADELA SALUD'),(928,'ZONA FRANCA PERMANENTE LA CAYENA'),(929,'ZONA FRANCA INTERNACIONAL DEL ATLANTICO'),(930,'ZONA FRANCA PERMANENTE BIO DE FACATATIVA'),(931,'ZONA FRANCA BIOCOMBUSTIBLE DL CARIBE S A'),(932,'Z FRANCA PERMANENTE ESPECIAL MAQUILAGRO'),(933,'ZONA FRANCA AGROINDUSTRIAL DEL CAUCA S A'),(934,'ZONA FRANCA PERMANENTE PARQ INDL DEXTON'),(935,'ZONA FRANCA PERMANENTE ESPECIAL ARGOS S'),(936,'ZONA FRANCA PERMANENTE ESPECIAL GYPLAC S'),(937,'ZONA FRANCA PERMANENTE ESPECIAL KCAG'),(938,'ZONA FRANCA PERMANENTE PLIC S A'),(939,'ZONA FRANCA PERMANENTE INTEXMODA S A'),(940,'ZONA FRANCA TAYRONA S A'),(941,'ZONA FRANCA PERMANENTE DE URABA S A EU'),(942,'ZONA FRANCA PERMANENTE ESPECIAL CORFERIA'),(943,'ZONA FRANCA LAS AMERICAS'),(944,'ZONA FRANCA ESPECIAL ECODIESEL COL S A'),(945,'ZF ESPEPECIAL ESTRATEGIAS CONTAC -CENTER'),(946,'ZONA FRANCA PERMANENTE ESP PAUL CALLEY'),(947,'ZONA FRANCA ESP SIEMENS MANUFACTURING'),(948,'PEPSICO ALIMENTOS ZF LTDA'),(949,'ACERIAS PAZ DEL RIO S A'),(950,'ZFPE DE SERVICIOS MARINILLA'),(951,'ZF PERMANENTE ESPECIAL VIDRIO ANDINO'),(953,'ZFPE REFINERIA DE CARTAGENA'),(954,'ZONA FRANCA PERMANENTE DE OCCIDENTE'),(955,'ZFPE DE SERVS SOC PORT REG DE STA MARTA'),(956,'ZFP PUERTA DE LAS AMERICAS'),(957,'ZFPE  COLOMBINA DEL CAUCA'),(958,'ZFPE TERMOFLORES'),(959,'ZFPE PAPELFIBRAS S A - PROPAL ZF S A S'),(960,'ZONA FRANCA PERMANENTE DE TOCANCIPA'),(961,'ZFPE TELEMARK SPAIN S L SUC COLOMBIA'),(962,'ZF SAN VICENTE DE PAUL - MEDELLIN'),(963,'ZF CERAMICAS SAN LORENZO'),(964,'ZFP PAPELES DEL CAUCA - PTO TEJADA'),(965,'ZFPE CLINICA PORTO AZUL - PTO COLOMBIA'),(966,'ZF PERMANENTE SANTANDER - FLORIDABLANCA'),(967,'ZF PROTISA - BOGOTA'),(968,'ZF PRAXAIR'),(969,'ZF CENCAUCA PARQUE INDL CALOTO'),(970,'ZF PASPENTA'),(971,'ZF ESPECIAL RENOVABLES - YUMBO'),(972,'ZFPE ECONTACT - MANIZALES'),(973,'ZFPE CLINICAS LOS NOGALES - BARRANQUILLA'),(974,'ZF METROPOLITANA - BOGOTA'),(975,'ZFPE AGROSOLERA - BOGOTA'),(976,'ZFPE BIOENERGY - BOGOTA'),(977,'PUERTA DE LAS AMERICAS ZF S A  - BOGOTA'),(978,'ZFPE DE SABANETA -(ANTIOQUIA)'),(979,'ZFPE PRODUCTOS FAMILIA CAJICA'),(980,'ZFPE SOC  PORT REGIONAL DE BARRANQUILLA'),(981,'ZF FUNDACION FOSUNAB'),(982,'ZFPE ALIMENTOS NARINO - IPIALES'),(983,'ZFPE CONVERGYS - BOGOTA'),(984,'ZFPE PROCESADORA D ACEITE OROROJO-BMANGA'),(985,'ZF INTERNACIONAL DE PEREIRA'),(986,'ZFPE CLINICA MEGACENTRO PINARES -PEREIRA'),(987,'ZONA FRANCA BRISA'),(988,'ZFPE LOMA FRESCA -BUCARAMANGA'),(989,'ZFP PARQUE CENTRAL'),(990,'ZFPE AGROINDUSTRIAS BIOCAFE'),(991,'ZFP CONJUNTO INDUSTRIAL PARQUE SUR - CAL'),(992,'ZFPE DE SERVICIOS CELTA'),(994,'ZONA FRANCA GEA'),(995,'ZONA FRANCA PERMANENTE ESPECIAL ICOBELT'),(996,'ZFPE CO OPERADORA CLINICA HISPANOAMERICA'),(997,'ZONA FRANCA PERMANENTE SURCOLOMBIANA'),(998,'DECRETO 2789 DE 990408'),(999,'DESCONOCIDO');

/*Table structure for table `permissions` */

DROP TABLE IF EXISTS `permissions`;

CREATE TABLE `permissions` (
  `permissions_id` int(10) unsigned NOT NULL AUTO_INCREMENT,
  `permissions_profile_id` int(10) unsigned NOT NULL,
  `permissions_menu_id` int(10) unsigned NOT NULL,
  `permissions_list` enum('0','1') NOT NULL,
  `permissions_modify` enum('0','1') NOT NULL,
  `permissions_create` enum('0','1') NOT NULL,
  `permissions_delete` enum('0','1') NOT NULL,
  `permissions_export` enum('0','1') NOT NULL,
  PRIMARY KEY (`permissions_id`),
  UNIQUE KEY `permissions_profile_id` (`permissions_profile_id`,`permissions_menu_id`)
) ENGINE=MyISAM AUTO_INCREMENT=8 DEFAULT CHARSET=utf8;

/*Data for the table `permissions` */

insert  into `permissions`(`permissions_id`,`permissions_profile_id`,`permissions_menu_id`,`permissions_list`,`permissions_modify`,`permissions_create`,`permissions_delete`,`permissions_export`) values (1,1,1,'1','1','1','1','1'),(2,1,2,'1','1','1','1','1'),(3,1,3,'1','1','1','1','1'),(4,1,4,'1','1','1','1','1'),(5,1,5,'1','1','1','1','1'),(6,1,6,'1','1','1','1','1'),(7,1,7,'1','1','1','1','1');

/*Table structure for table `pib` */

DROP TABLE IF EXISTS `pib`;

CREATE TABLE `pib` (
  `pib_id` int(10) unsigned NOT NULL AUTO_INCREMENT,
  `pib_anio` smallint(4) unsigned NOT NULL,
  `pib_periodo` smallint(2) unsigned NOT NULL,
  `pib_agricultura` float(13,2) unsigned NOT NULL,
  `pib_nacional` float(13,2) unsigned NOT NULL,
  `pib_finsert` datetime NOT NULL,
  `pib_uinsert` int(10) unsigned NOT NULL,
  `pib_fupdate` datetime NOT NULL,
  `pib_uupdate` int(10) unsigned NOT NULL,
  PRIMARY KEY (`pib_id`)
) ENGINE=MyISAM AUTO_INCREMENT=9 DEFAULT CHARSET=utf8;

/*Data for the table `pib` */

insert  into `pib`(`pib_id`,`pib_anio`,`pib_periodo`,`pib_agricultura`,`pib_nacional`,`pib_finsert`,`pib_uinsert`,`pib_fupdate`,`pib_uupdate`) values (1,2013,1,7581.00,119862.00,'0000-00-00 00:00:00',0,'2014-12-19 18:20:39',1),(2,2013,2,7795.00,122352.00,'0000-00-00 00:00:00',0,'2014-12-19 18:20:52',1),(3,2013,3,7795.00,123695.00,'0000-00-00 00:00:00',0,'2014-12-19 18:21:18',1),(4,2014,1,6500.00,123695.00,'2014-12-18 22:24:48',1,'2014-12-19 18:21:30',1),(5,2014,2,6600.00,123695.00,'2014-12-18 22:25:13',1,'2014-12-19 18:22:30',1),(6,2014,3,6850.00,123695.00,'2014-12-18 22:25:34',1,'2014-12-19 18:22:39',1),(7,2014,4,6927.00,123695.00,'2014-12-18 22:25:55',1,'2014-12-19 18:22:43',1),(8,2013,4,8927.00,123695.00,'2014-12-18 22:26:10',1,'2014-12-19 18:21:25',1);

/*Table structure for table `produccion` */

DROP TABLE IF EXISTS `produccion`;

CREATE TABLE `produccion` (
  `produccion_id` int(10) unsigned NOT NULL AUTO_INCREMENT,
  `produccion_sector_id` int(10) unsigned NOT NULL,
  `produccion_anio` smallint(4) unsigned NOT NULL,
  `produccion_peso_neto` float(13,2) unsigned NOT NULL,
  `produccion_finsert` datetime NOT NULL,
  `produccion_uinsert` int(10) unsigned NOT NULL,
  `produccion_fupdate` datetime NOT NULL,
  `produccion_uupdate` int(10) unsigned NOT NULL,
  PRIMARY KEY (`produccion_id`)
) ENGINE=MyISAM AUTO_INCREMENT=25 DEFAULT CHARSET=utf8;

/*Data for the table `produccion` */

insert  into `produccion`(`produccion_id`,`produccion_sector_id`,`produccion_anio`,`produccion_peso_neto`,`produccion_finsert`,`produccion_uinsert`,`produccion_fupdate`,`produccion_uupdate`) values (1,4,2010,4038659.00,'2014-12-22 21:49:59',1,'0000-00-00 00:00:00',0),(2,4,2011,4180361.25,'0000-00-00 00:00:00',0,'0000-00-00 00:00:00',0),(3,4,2012,4268124.00,'0000-00-00 00:00:00',0,'0000-00-00 00:00:00',0),(4,4,2013,4279325.50,'0000-00-00 00:00:00',0,'0000-00-00 00:00:00',0),(5,5,2010,261704.59,'0000-00-00 00:00:00',0,'0000-00-00 00:00:00',0),(6,5,2011,265455.50,'0000-00-00 00:00:00',0,'0000-00-00 00:00:00',0),(7,5,2012,318215.59,'0000-00-00 00:00:00',0,'0000-00-00 00:00:00',0),(8,5,2013,352234.97,'0000-00-00 00:00:00',0,'0000-00-00 00:00:00',0),(9,6,2010,4737783.00,'0000-00-00 00:00:00',0,'0000-00-00 00:00:00',0),(10,6,2011,4897032.00,'0000-00-00 00:00:00',0,'0000-00-00 00:00:00',0),(11,6,2012,5293920.00,'0000-00-00 00:00:00',0,'0000-00-00 00:00:00',0),(12,6,2013,5901980.00,'0000-00-00 00:00:00',0,'0000-00-00 00:00:00',0),(13,7,2010,7094211.50,'0000-00-00 00:00:00',0,'0000-00-00 00:00:00',0),(14,7,2011,6972067.00,'0000-00-00 00:00:00',0,'0000-00-00 00:00:00',0),(15,7,2012,7426505.00,'0000-00-00 00:00:00',0,'0000-00-00 00:00:00',0),(16,7,2013,8045155.00,'0000-00-00 00:00:00',0,'0000-00-00 00:00:00',0),(17,8,2010,3509350.25,'0000-00-00 00:00:00',0,'0000-00-00 00:00:00',0),(18,8,2011,3762454.25,'0000-00-00 00:00:00',0,'0000-00-00 00:00:00',0),(19,8,2012,3701408.50,'0000-00-00 00:00:00',0,'0000-00-00 00:00:00',0),(20,8,2013,3856849.50,'0000-00-00 00:00:00',0,'0000-00-00 00:00:00',0),(21,9,2010,845027.62,'0000-00-00 00:00:00',0,'0000-00-00 00:00:00',0),(22,9,2011,1057658.00,'0000-00-00 00:00:00',0,'0000-00-00 00:00:00',0),(23,9,2012,1095752.88,'0000-00-00 00:00:00',0,'0000-00-00 00:00:00',0),(24,9,2013,1151586.50,'0000-00-00 00:00:00',0,'0000-00-00 00:00:00',0);

/*Table structure for table `profile` */

DROP TABLE IF EXISTS `profile`;

CREATE TABLE `profile` (
  `profile_id` int(10) unsigned NOT NULL AUTO_INCREMENT,
  `profile_name` varchar(45) NOT NULL,
  PRIMARY KEY (`profile_id`)
) ENGINE=MyISAM AUTO_INCREMENT=3 DEFAULT CHARSET=utf8;

/*Data for the table `profile` */

insert  into `profile`(`profile_id`,`profile_name`) values (1,'Administrador'),(2,'Usuario');

/*Table structure for table `region` */

DROP TABLE IF EXISTS `region`;

CREATE TABLE `region` (
  `id_region` smallint(2) unsigned NOT NULL,
  `region` varchar(30) CHARACTER SET latin1 NOT NULL,
  PRIMARY KEY (`id_region`)
) ENGINE=MyISAM DEFAULT CHARSET=utf8;

/*Data for the table `region` */

insert  into `region`(`id_region`,`region`) values (30,'ANDINA'),(31,'PACIFICO'),(32,'CARIBE'),(33,'LLANOS ORIENTALES'),(34,'AMAZONICA'),(35,'DESCONOCIDO');

/*Table structure for table `sector` */

DROP TABLE IF EXISTS `sector`;

CREATE TABLE `sector` (
  `sector_id` int(10) unsigned NOT NULL AUTO_INCREMENT,
  `sector_nombre` varchar(100) NOT NULL,
  `sector_productos` text NOT NULL,
  `sector_uinsert` int(10) unsigned NOT NULL,
  `sector_finsert` datetime NOT NULL,
  `sector_uupdate` int(10) unsigned NOT NULL,
  `sector_fupdate` datetime NOT NULL,
  PRIMARY KEY (`sector_id`)
) ENGINE=MyISAM AUTO_INCREMENT=10 DEFAULT CHARSET=utf8;

/*Data for the table `sector` */

insert  into `sector`(`sector_id`,`sector_nombre`,`sector_productos`,`sector_uinsert`,`sector_finsert`,`sector_uupdate`,`sector_fupdate`) values (1,'MINERO ENERGETICO','14,26,27,71,72,73,74,75,76,78,79,80,81,93',1,'2014-12-11 14:32:18',1,'2014-12-11 14:49:14'),(2,'AGROPECUARIO','01,02,03,04,05,06,07,08,09,10,11,12,13,14,15,16,17,18,19,20,21,22,23,24,5201,5202,5203',1,'2014-12-11 14:49:04',0,'0000-00-00 00:00:00'),(3,'AGROPECUARIO PRODUCTOS TRADICIONALES','0901,0603,0803',1,'2014-12-11 14:50:44',0,'0000-00-00 00:00:00'),(4,'AGROPECUARIO CEREALES','0709901000,0709991000,0710400000,0712902000,1001109000,1001190000,1001902010,1001902090,1001991010,1001991090,1001992000,1003001000,1003009010,1003009090,1003900010,1003900090,1005100000,1005901100,1005901200,1005902000,1005903000,1005904000,1005909000,1006101000,1006109000,1006200000,1006300010,1006300090,1006400000,1007001000,1007009000,1007100000,1007900000,1008209000,1008290000,1008901000,1008909000,1008909900,1101000000,1102100000,1102200000,1102900000,1102901000,1102909000,1103110000,1103130000,1103190000,1104190000,1104230000,1104291000,1104299000,1104300000,1106100000,1106201000,1106209000,1106301000,1106309000,1107100000,1107200000,1108110000,1108120000,1108130000,1108140000,1108190000,1109000000,1208900000,1901901000,1901902000,1902110000,1902190000,1902200000,1902300000,1904100000,1904200000,1904300000,1904900000,1904900010,1904900090,1905100000,1905200000,1905310000,1905320000,1905400000,1905901000,1905909000,2005800000,2103301000',1,'2014-12-22 17:57:10',1,'2014-12-22 18:02:43'),(5,'AGROPECUARIO LEGUMINOSAS','0708100000,0708200000,0710210000,0710220000,0713101000,0713109000,0713201000,0713209000,0713311000,0713319000,0713321000,0713329000,0713331100,0713331900,0713339100,0713339200,0713339900,0713359000,0713391000,0713399200,0713399900,0713409000,2005400000,2005510000,2005590000',1,'2014-12-22 20:29:15',0,'0000-00-00 00:00:00'),(6,'AGROPECUARIO FRUTAS Y HORTALIZAS','0703100000,0703201000,0703209000,0704100000,0704200000,0704900000,0705210000,0705290000,0709200000,0709300000,0709400000,0709600000,0709700000,0710300000,0710801000,0711200000,0712200000,0712901000,0801119000,0801190000,0802110000,0802121000,0802129000,0802210000,0802220000,0803001100,0803001200,0803001300,0803001900,0803002000,0803101000,0803102000,0803901100,0803901200,0803901900,0803902000,0804100000,0804400000,0805900000,0809100000,0809200000,0809210000,0809290000,0809300000,0809400000,0810100000,0810200000,0810400000,0810901040,0810902000,0810909000,0810909020,0810909090,0811101000,0811109000,0811200000,0811901000,0811909100,0811909300,0811909400,0811909500,0811909900,0812100000,0812902000,0813100000,0813200000,0813400000,0813500000,0814009000,0904201000,0904209000,0904211000,0904219000,0904221000,0904229000,1302310000,1404901000,2001901000,2005600000,2005700000,2008300000,2008500000,2008601000,2008609000,2008702000,2008709000,2008800000,2103902000,2103909000',1,'2014-12-22 20:30:45',0,'0000-00-00 00:00:00'),(7,'AGROPECUARIO TUBEROSAS Y PLATANO','0701100000,0701900000,0710100000,0714100000,0714201000,0714209000,0714300000,0714500000,0714909000,0803001100,0803001300,0803001900,0803002000,0803101000,0803102000,0803901200,0803901900,0803902000,1105100000,1105200000,1903000000,2004100000,2005200000',1,'2014-12-22 20:32:22',0,'0000-00-00 00:00:00'),(8,'AGROPECUARIO AZUCARES','1212930000,1701111000,1701119000,1701120000,1701130000,1701140000,1701910000,1701991000,1701999000,1702200000,1702902000,1702903000,1702904000,1702909000,1703100000,1703900000,1704901000,1704909000',1,'2014-12-22 20:37:12',0,'0000-00-00 00:00:00'),(9,'AGROPECUARIO ACEITES VEGETALES','1201001000,1201009000,1201100000,1201900000,1206001000,1206009000,1207401000,1207409000,1208100000,1506001000,1506009000,1507100000,1507901000,1507909000,1508100000,1508900000,1509100000,1509900000,1510000000,1511100000,1511900000,1512111000,1512112000,1512191000,1512210000,1512290000,1513110000,1513190000,1513211000,1513291000,1515210000,1515290000,1515500000',1,'2014-12-22 20:39:01',0,'0000-00-00 00:00:00');

/*Table structure for table `session` */

DROP TABLE IF EXISTS `session`;

CREATE TABLE `session` (
  `session_user_id` int(10) unsigned NOT NULL,
  `session_php_id` varchar(45) NOT NULL,
  `session_date` datetime NOT NULL,
  `session_active` enum('0','1') NOT NULL,
  PRIMARY KEY (`session_user_id`)
) ENGINE=MyISAM DEFAULT CHARSET=utf8;

/*Data for the table `session` */

insert  into `session`(`session_user_id`,`session_php_id`,`session_date`,`session_active`) values (1,'23dfrjn0p5imhp1hblqh8r8q15','2014-12-22 21:12:08','1'),(7,'uvebgut0rm4tmto14l33a2kdn6','2014-12-02 21:43:44','1');

/*Table structure for table `tipo_contingente` */

DROP TABLE IF EXISTS `tipo_contingente`;

CREATE TABLE `tipo_contingente` (
  `tipo_contingente_id` int(10) unsigned NOT NULL AUTO_INCREMENT,
  `tipo_contingente_nombre` varchar(100) NOT NULL,
  `tipo_contingente_mlimite` enum('0','1') NOT NULL,
  `tipo_contingente_mmultiano` enum('0','1') NOT NULL,
  `tipo_contingente_mmultipais` enum('0','1') NOT NULL,
  PRIMARY KEY (`tipo_contingente_id`)
) ENGINE=MyISAM DEFAULT CHARSET=utf8;

/*Data for the table `tipo_contingente` */

/*Table structure for table `tipo_indicador` */

DROP TABLE IF EXISTS `tipo_indicador`;

CREATE TABLE `tipo_indicador` (
  `tipo_indicador_id` int(10) unsigned NOT NULL AUTO_INCREMENT,
  `tipo_indicador_nombre` varchar(100) NOT NULL,
  `tipo_indicador_abrev` varchar(30) NOT NULL,
  `tipo_indicador_activador` enum('precio','volumen') NOT NULL,
  `tipo_indicador_calculo` text NOT NULL,
  `tipo_indicador_definicion` text NOT NULL,
  PRIMARY KEY (`tipo_indicador_id`)
) ENGINE=MyISAM AUTO_INCREMENT=18 DEFAULT CHARSET=utf8;

/*Data for the table `tipo_indicador` */

insert  into `tipo_indicador`(`tipo_indicador_id`,`tipo_indicador_nombre`,`tipo_indicador_abrev`,`tipo_indicador_activador`,`tipo_indicador_calculo`,`tipo_indicador_definicion`) values (1,'Balanza comercial Relativa ','BCt','precio','BCt= (Xij-Mij) / (Xij+Mij), \r\nDonde Xij = Exportaciones de un producto i por un país j,\r\nMij = Importaciones de un producto i a un país j.\r\n','Mide la relación entre la balanza comercial neta y flujo total de comercio de un producto determinado.\r\n\r\n.'),(2,'Balanza comercial','BC','precio','BC= ( Xij - Mij)\r\nDonde Xij = Exportaciones de un producto i por un país j,\r\nMij = Importaciones de un producto i a un país j.\r\n','La balanza comercial es la diferencia que existe entre el total de las exportaciones menos el total de las importaciones de un país. \r\n'),(3,'Variación de la Balanza Comercial','%BCt','precio','%BCt= (Xijt-Mijtp2) - (Xijt-Mijt-p1) /(Xijt-Mijt-p1)\r\nDonde Xijt = Exportaciones de un producto i por un país j en un periodo t+1, \r\nMij = Importaciones de un producto i a un país j en un periodo t.','Se define como indicador para establecer el crecimiento o decrecimiento del la balanza comercial antes y después de la firma de un TLC o en cualquier periodo de tiempo.'),(4,'Concentración de la Oferta Exportable  Agropecuaria y Agroindustrial de Colombia por Socio comercial','Oferta Exp','precio','Número de productos que representan el 80%  de las exportaciones agropecuarios al mercado de un socio comercial.\r\nIdentificar los productos que concentran el 80% de las exportaciones agropecuarias y agroindustriales de Colombia a un mercado de destino. ','Mide la concentración de la oferta exportable agropecuaria de Colombia al mercado de un socio comercial en un número de productos determinado.'),(5,'Número de nuevos productos agropecuarios y agroindustriales exportados e importados','Num Produc','precio','Donde Y: Productos a 10 dígitos, M: importaciones, X:  exportaciones         S: sector agrícola  T: tiempo y C: país.      Contar productos a 10 dígitos\r\n\r\n\r\nMide si hubo un incremento en el Número de productos exportados','Muestra si hubo un aprovechamiento en el acceso de nuevos productos  de exportación y también la cantidad de productos nuevos que están siendo importados.'),(6,'Tasa de crecimiento del numero de nuevos productos agropecuarios y agroindustriales exportados e imp','Tasa Produ','precio','Donde Y: Productos a 10 dígitos, M: importaciones, X:  exportaciones         S: sector agrícola  T: tiempo y C: país.      Contar productos a 10 dígitos\r\n\r\n\r\nMide si hubo un incremento en el Número de productos exportados','Muestra si hubo un aprovechamiento en el acceso de nuevos productos  de exportación y también la cantidad de productos nuevos que están siendo importados.'),(7,'Número de mercados de destino','Mercados D','precio','contar el Número de mercados a los cuales dirigimos nuestras exportaciones\r\nMide si se ha dado una diversificación de mercados y podría revelar la  necesidad de firma de nuevos acuerdos comerciales.\r\n','Identificación de los mercados actuales y potencializar los mercados a los cuales la oferta es mínima.\r\n'),(8,'Índice de concentración de las exportaciones / importaciones (Herfindahl e Hirschman IHH)','IHH','precio','Donde P = productos con su respectiva participación % y esta elevada al cuadrado;  Valor de variable a medir por capítulo, luego sacar su participación porcentual y esta elevarla al cuadrado, para finalmente sumarla. \r\n\r\nMide el grado de concentración de las exportaciones agropecuarias de Colombia hacia un socio comercial.     ','Este indicador mide el grado de concentración / diversificación de la oferta exportable agropecuario y agroindustrial en un mercado de destino.'),(9,'Participación del total de las exportaciones del sector agropecuario','XSj','precio','',''),(10,'Participacion Expo No Tradicionales','no Tradici','precio','',''),(11,'Participación expo de un producto por país destino.','% Expo Por','precio','',''),(12,'Crecimiento  del número de  empresas exportadoras ','Crecim. em','precio','',''),(13,'Arancel de importación efectivamente pagado','Pp Arancel','precio','',''),(14,'Relación del crecimiento Expo vs Impo','% Expo Vs Impo','precio','T. Crec. Pro. Anual de las exportaciones de un producto o sector (Xij) / T. Crec. Pro. Anual de las importaciones de un producto o sector del socio comercial (Mij).',''),(15,'Relación del crecimiento Expo Agro Vs Expo Total','% Expo Agro Vs Impo Tot','precio','Relación del crecimiento promedio anual de las exportaciones agropecuarias y agroindustriales y el crecimiento promedio anual del total de las  exportaciones del país (excluyendo el sector minero energéticas) a un socio comercial específico o al mundo.',''),(16,'Participación de las exportaciones agropecuarias y agroindustriales en el PIB nacional a precios cor','% Expo Agro / PIB Nacional','precio','Valor de las exportaciones agropecuarias y agroindustriales  (Xs) / PIB nacional  \r\nDonde Xs: exportaciones del sector agropecuario y agroindustrial / PIB nacional','Mide la contribución de las exportaciones agropecuarias  y agroindustriales  al valor agregado de la producción generado por el país.'),(17,'Participación de las exportaciones de un sector en el PIB agropecuario y agroindustrial a precios co','% Expo Agro / PIB Agro','precio','Valor de las exportaciones agropecuarias y agroindustriales de un sector  / PIB agropecuario y agroindustrial\r\nDonde Xs: exportaciones de un sector y PIB agropecuario','Mide la contribución de las exportaciones agropecuarias  de un sector al valor agregado de la producción generado en el sector agropecuario y agroindustrial.');

/*Table structure for table `user` */

DROP TABLE IF EXISTS `user`;

CREATE TABLE `user` (
  `user_id` int(10) unsigned NOT NULL AUTO_INCREMENT,
  `user_full_name` varchar(255) NOT NULL,
  `user_email` varchar(100) NOT NULL,
  `user_password` char(35) NOT NULL,
  `user_active` enum('0','1') NOT NULL,
  `user_profile_id` int(10) unsigned NOT NULL,
  `user_uinsert` int(10) unsigned NOT NULL,
  `user_finsert` datetime NOT NULL,
  `user_uupdate` int(10) unsigned NOT NULL,
  `user_fupdate` datetime NOT NULL,
  PRIMARY KEY (`user_id`)
) ENGINE=MyISAM AUTO_INCREMENT=8 DEFAULT CHARSET=utf8;

/*Data for the table `user` */

insert  into `user`(`user_id`,`user_full_name`,`user_email`,`user_password`,`user_active`,`user_profile_id`,`user_uinsert`,`user_finsert`,`user_uupdate`,`user_fupdate`) values (1,'FABIAN SIATAMA','fsiatama@sicex.com','202cb962ac59075b964b07152d234b70','1',1,1,'2014-11-07 10:44:48',0,'0000-00-00 00:00:00'),(4,'FABIAN ANDRES SIATAMA','fas0980@gmail.com','4454c15aed2ac653796f3a23a3a61e0f','1',2,1,'2014-11-20 22:39:26',1,'2014-11-23 21:13:12'),(7,'MARCELA','mmartinez@sicex.com','0d4a01ddcf88387ac7229bb6de5555ab','1',1,1,'2014-12-02 16:28:33',1,'2014-12-02 16:32:27');

/*!40101 SET SQL_MODE=@OLD_SQL_MODE */;
/*!40014 SET FOREIGN_KEY_CHECKS=@OLD_FOREIGN_KEY_CHECKS */;
/*!40014 SET UNIQUE_CHECKS=@OLD_UNIQUE_CHECKS */;
/*!40111 SET SQL_NOTES=@OLD_SQL_NOTES */;
